ad_group,keyword,match_type,status,serving_status,impressions,clicks,cost_eur,ads_conversions,quality_score,landing_page_experience
Leuchtvolant | Exact+Phrase,beleuchteter werbevolant,PHRASE,PAUSED,RARELY_SERVED,0,0,0.0,0,,
Leuchtvolant | Exact+Phrase,beleuchteter markisenvolant,EXACT,ENABLED,ELIGIBLE,12,3,8.07,1,5,BELOW_AVERAGE
Leuchtvolant | Exact+Phrase,beleuchteter markisenvolant,PHRASE,ENABLED,ELIGIBLE,4,0,0.0,0,5,BELOW_AVERAGE
Leuchtvolant | Exact+Phrase,beleuchtete markisen-volants,EXACT,ENABLED,ELIGIBLE,20,1,4.83,0,5,AVERAGE
Leuchtvolant | Exact+Phrase,markisenvolant beleuchtung nachrüsten,EXACT,ENABLED,RARELY_SERVED,0,0,0.0,0,,
Leuchtvolant | Exact+Phrase,markisenvolant mit led beleuchtung,EXACT,ENABLED,RARELY_SERVED,0,0,0.0,0,,
Leuchtvolant | Exact+Phrase,beleuchteter markisenvolant nachrüsten,EXACT,ENABLED,RARELY_SERVED,0,0,0.0,0,,
Leuchtvolant | Exact+Phrase,beleuchteten volant,PHRASE,ENABLED,RARELY_SERVED,0,0,0.0,0,,
Leuchtvolant | Exact+Phrase,leuchtvolant,PHRASE,ENABLED,ELIGIBLE,2,0,0.0,0,,
Leuchtvolant | Exact+Phrase,beleuchteter markisenvolant anbieter,EXACT,ENABLED,RARELY_SERVED,0,0,0.0,0,,
Leuchtvolant | Exact+Phrase,led markisenvolant,BROAD,ENABLED,RARELY_SERVED,0,0,0.0,0,,
Leuchtvolant | Exact+Phrase,bestehende markise led volant,BROAD,ENABLED,RARELY_SERVED,0,0,0.0,0,,
Branding | Exact+Phrase,markisenbeschriftung beleuchtet,EXACT,ENABLED,RARELY_SERVED,0,0,0.0,0,,
Branding | Exact+Phrase,markisenbeschriftung beleuchtet,PHRASE,ENABLED,RARELY_SERVED,0,0,0.0,0,,
Branding | Exact+Phrase,markisenvolant mit logo beleuchtet,PHRASE,ENABLED,RARELY_SERVED,0,0,0.0,0,,
Branding | Exact+Phrase,led volant logo,PHRASE,ENABLED,ELIGIBLE,0,0,0.0,0,,
Branding | Exact+Phrase,beleuchteter volant schriftzug,PHRASE,ENABLED,RARELY_SERVED,0,0,0.0,0,,
Branding | Exact+Phrase,leuchtvolant werbung,PHRASE,PAUSED,RARELY_SERVED,0,0,0.0,0,,
Branding | Exact+Phrase,leuchtvolant werbetechnik,PHRASE,PAUSED,RARELY_SERVED,0,0,0.0,0,,
Branding | Exact+Phrase,markisenvolant beleuchtet logo,EXACT,ENABLED,RARELY_SERVED,0,0,0.0,0,,
Branding | Exact+Phrase,markisenvolant beleuchtet schriftzug,EXACT,ENABLED,RARELY_SERVED,0,0,0.0,0,,
Gastronomie | Exact+Phrase,beleuchteter markisenvolant gastronomie,EXACT,ENABLED,RARELY_SERVED,0,0,0.0,0,,
Gastronomie | Exact+Phrase,beleuchteter markisenvolant gastronomie,PHRASE,ENABLED,RARELY_SERVED,0,0,0.0,0,,
Gastronomie | Exact+Phrase,leuchtvolant restaurant,EXACT,PAUSED,RARELY_SERVED,0,0,0.0,0,,
Gastronomie | Exact+Phrase,leuchtvolant restaurant,PHRASE,PAUSED,RARELY_SERVED,0,0,0.0,0,,
Gastronomie | Exact+Phrase,led markisenvolant café,PHRASE,ENABLED,RARELY_SERVED,0,0,0.0,0,,
Gastronomie | Exact+Phrase,beleuchteter werbevolant gastronomie,PHRASE,PAUSED,RARELY_SERVED,0,0,0.0,0,,
Gastronomie | Exact+Phrase,beleuchteter markisenvolant restaurant,EXACT,ENABLED,RARELY_SERVED,0,0,0.0,0,,
